Id,MoraEspinas,Departamento,Ciudad ,Elevacion,Pendiente,Drenaje,ProfundidadEfectiva,Precipi_0,Precipi_1,Precipi_2,TempM_0,TempM_1,TempM_2,SR_1,SR_0,HR_0,Rendimiento
1,1,Loreto,Iquitos,108,32,2,70,271,298,184,22,22,21,"4,88",4.961371269,89,6.786092148
2,1,Loreto,Iquitos,112,32,2,70,216,259,183,22,22,22,"4,98",4.695450851,79,7.599791602
3,1,Loreto,Iquitos,84,32,2,70,185,259,290,22,19,21,"4,06",4.426379097,80,6.283859462
4,1,Loreto,Iquitos,84,32,2,70,184,195,158,19,21,19,"4,86",4.98011093,81,7.707087291
5,1,Loreto,Iquitos,107,32,2,70,154,193,228,18,19,19,"4,91",4.75967095,87,6.509675117
6,1,Loreto,Iquitos,114,50,2,75,266,273,219,21,21,20,"4,78",4.352855092,89,7.276817532
7,1,Loreto,Iquitos,108,32,2,70,270,266,255,20,20,19,"4,18",4.908573598,84,6.199483518
8,1,Loreto,Iquitos,111,32,2,70,266,152,230,19,19,22,"4,14",4.884641865,79,7.890846742
9,1,Loreto,Iquitos,91,50,2,75,205,162,252,22,20,18,"4,41",4.647224838,84,6.518050041
10,1,Loreto,Iquitos,119,50,2,75,198,179,248,22,21,18,"4,08",4.967483449,76,7.790369186
11,0,Loreto,Iquitos,90,2,2,75,237,150,225,21,21,18,"4,48",4.828713524,82,6.3130411
12,0,Loreto,Iquitos,87,2,2,75,277,284,300,22,18,21,"4,52",4.890487281,80,6.155456128
13,0,Loreto,Iquitos,82,2,2,75,280,228,268,20,21,22,"4,62",4.045059336,80,6.753006841
14,1,Loreto,Iquitos,102,32,2,70,211,172,275,18,19,18,"4,59",4.831478386,88,7.033079496
15,1,Loreto,Iquitos,87,32,2,70,284,180,177,20,20,18,"4,43",4.100698206,86,6.284173433
16,0,Loreto,Iquitos,80,2,2,75,167,260,272,21,18,22,"4,53",4.436608028,85,6.926828223
17,1,Loreto,Iquitos,101,32,2,70,253,186,279,20,19,21,"4,36",4.392725988,85,7.49290482
18,0,Loreto,Iquitos,85,2,2,75,235,290,154,21,21,21,"4,8",4.099344798,79,6.775537098
19,0,Loreto,Iquitos,93,2,2,75,224,166,280,21,22,21,"4,11",4.632675207,80,6.892623257
20,1,Loreto,Iquitos,80,50,2,75,197,273,197,21,19,21,"4,29",4.623068088,83,7.355468827
21,1,Loreto,Iquitos,106,50,2,75,160,164,192,18,21,22,"4,99",4.614728069,85,6.965822002
22,1,Loreto,Iquitos,90,50,2,75,274,211,187,20,21,20,"4,26",4.563441271,86,7.065552682
23,1,Loreto,Iquitos,110,50,2,75,274,251,159,18,18,19,"4,86",4.152632861,75,6.221946443
24,1,Loreto,Iquitos,105,32,2,70,265,268,280,22,22,18,"4,38",4.098279025,83,6.515136418
25,1,Loreto,Iquitos,93,32,2,70,274,159,233,20,18,20,"4,72",4.660021208,77,6.548232756
26,1,Loreto,Iquitos,87,32,2,70,249,191,173,20,19,22,"4,21",4.833107693,76,6.452474658
27,1,Loreto,Iquitos,95,32,2,70,222,197,223,21,18,18,"4,39",4.862239773,88,7.269802418
28,0,Loreto,Iquitos,110,2,2,75,186,238,232,18,19,19,"4,91",4.044394703,87,7.080531156
29,0,Loreto,Iquitos,94,2,2,75,218,224,300,22,22,22,"4,83",4.052085672,85,7.841525543
30,0,Loreto,Iquitos,112,2,2,75,160,268,292,21,18,18,"4,3",4.585667843,89,6.298748315
31,1,Loreto,Iquitos,82,32,2,70,193,190,261,21,21,19,"4,93",4.559239144,87,7.615783797
32,0,Loreto,Iquitos,114,2,2,75,292,294,167,19,21,20,"4,14",4.759314456,81,6.284759498
33,0,Loreto,Iquitos,102,2,2,75,284,254,187,21,18,22,"4,15",4.837518341,89,7.798903057
34,0,Loreto,Iquitos,86,2,2,75,287,235,205,22,21,22,"4,09",4.440142281,87,6.437322832
35,1,Loreto,Iquitos,116,32,2,70,298,236,203,22,22,20,"4,91",4.242759153,75,7.262783888
36,0,Loreto,Iquitos,81,2,2,75,227,282,158,22,21,20,"4,6",4.963641404,90,6.901288478
37,0,Loreto,Iquitos,108,2,2,75,283,242,156,22,19,20,"4,85",4.943324714,84,6.726975484
38,0,Loreto,Iquitos,105,2,2,75,167,217,263,18,21,21,"4,5",4.232880955,79,7.433160147
39,1,Loreto,Nauta,100,32,2,70,183,256,240,18,22,22,"4,87",4.344049333,83,7.852613986
40,0,Loreto,Iquitos,117,2,2,75,245,242,242,18,18,22,"4,84",4.022001741,78,7.291774746
41,1,Loreto,Nauta,112,32,2,70,200,250,161,19,18,22,"4,13",4.577440712,75,6.752033547
42,0,Loreto,Iquitos,107,2,2,75,286,281,228,18,20,19,"4,21",4.241689594,81,6.922752337
43,0,Loreto,Iquitos,90,2,2,75,189,263,245,22,20,22,"4,88",4.09897301,77,7.757569347
44,0,Loreto,Nauta,113,2,2,75,186,203,260,20,22,19,"4,49",4.238287946,89,7.213155333
45,0,Loreto,Nauta,90,12,2,72,159,194,229,18,18,20,"4,26",4.0558687,89,6.450055121
46,0,Loreto,Nauta,98,2,2,75,160,207,208,21,19,18,"4,09",4.114001943,88,6.707504801
47,1,Loreto,Nauta,83,32,2,70,168,217,272,19,18,19,"4,5",4.855051445,87,7.327438422
48,0,Loreto,Nauta,89,2,2,75,154,299,198,19,18,20,4,4.863837283,79,7.642469708
49,1,Loreto,Nauta,88,32,2,70,252,161,237,21,22,20,"4,91",4.27243764,77,6.740528627
50,0,Loreto,Nauta,91,2,2,75,207,201,300,22,20,18,"4,34",4.030409469,79,7.989156779
51,0,Loreto,Nauta,92,2,2,75,194,217,248,22,19,18,"4,53",4.757110016,89,7.827886795
52,0,Loreto,Nauta,86,2,2,75,225,238,264,22,20,22,"4,18",4.851809398,85,7.194505431
53,1,Loreto,Nauta,109,32,2,70,244,266,275,22,21,18,"4,97",4.169074118,75,6.853647659
54,0,Loreto,Nauta,103,2,2,75,265,272,282,22,21,19,"4,73",4.168229586,78,7.835860347
55,0,Loreto,Nauta,116,2,2,75,201,182,203,20,19,20,"4,37",4.749084393,90,6.493343239
56,0,Loreto,Nauta,116,2,2,75,154,267,237,18,18,18,"4,98",4.170908166,75,6.446157815
57,0,Loreto,Nauta,104,2,2,75,213,266,192,19,19,21,"4,3",4.245894109,88,6.367410383
58,0,Loreto,Nauta,119,2,2,75,197,278,151,22,21,21,"4,11",4.64501421,80,6.139932767
59,0,Loreto,Nauta,104,2,2,75,218,178,236,20,21,18,"4,61",4.579961631,90,6.800525829
60,0,Loreto,Nauta,115,2,2,75,242,202,154,21,19,21,"4,63",4.465008478,81,7.355488071
61,1,Loreto,Nauta,109,50,2,75,177,284,280,20,21,18,"4,62",4.228941743,87,6.625615303
62,0,Loreto,Nauta,114,2,2,75,165,182,242,20,22,18,"4,55",4.472372334,89,7.272368315
63,0,Loreto,Nauta,107,2,2,75,299,287,217,20,22,20,"4,57",4.823784028,79,7.660425964
64,0,Loreto,Nauta,100,12,2,72,227,228,239,20,19,19,"4,73",4.153823801,86,6.325833685
65,1,Loreto,Nauta,81,32,2,70,192,282,181,22,19,20,"4,84",4.210868054,86,7.509977733
66,1,Loreto,Nauta,116,32,2,70,158,218,282,21,19,18,"4,4",4.064562744,76,6.095300315
67,0,Loreto,Nauta,89,12,2,72,182,160,183,19,22,21,"4,32",4.448177427,85,6.907555279
68,1,Loreto,Nauta,82,32,2,70,199,242,236,19,22,19,"4,71",4.153913825,90,6.716365927
69,1,Loreto,Nauta,117,32,2,70,163,293,220,20,19,22,"4,03",4.103654211,83,6.778992517
70,1,Loreto,Nauta,118,7,2,70,246,289,251,22,18,20,"4,04",4.4475758,88,6.268283058
71,1,Loreto,Nauta,86,50,2,75,197,195,222,18,19,21,"4,19",4.262359173,81,6.595848602
72,1,Loreto,Nauta,113,32,2,70,286,176,264,21,22,20,"4,91",4.012950155,86,7.840220067
73,1,Loreto,Nauta,87,32,2,70,288,214,250,22,21,18,"4,74",4.039872371,90,6.341413328
74,1,Loreto,Nauta,119,32,2,70,255,209,282,19,21,21,"4,56",4.145365147,84,6.253480473
75,0,Ica,Atenas,91,2,1,75,5,1,5,24,19,26,"11,1",9.418591475,8.2,7.744771079
76,0,Ica,Atenas,36,2,1,75,1,0,2,25,18,24,"9,33",11.97093485,8.4,6.798736701
77,1,Loreto,Nauta,107,32,2,70,295,195,212,18,20,18,"4,34",4.370607706,80,6.533086744
78,1,Loreto,Nauta,83,7,2,70,245,258,297,20,21,20,"4,12",4.857111567,75,7.280195289
79,0,Ica,Atenas,81,2,1,75,2,5,3,20,15,21,"11,95",10.06118545,8.2,7.830015671
80,1,Loreto,Nauta,118,50,2,75,266,277,191,21,18,21,"4,7",4.01464252,87,7.428881723
81,1,Loreto,Nauta,105,50,2,75,180,279,155,18,22,22,"4,51",4.949498711,81,6.341959805
82,1,Loreto,Nauta,100,50,2,75,198,190,274,18,18,21,"4,85",4.556139272,87,6.697416754
83,1,Loreto,Nauta,94,50,2,75,218,194,178,20,21,22,"4,27",4.90231026,81,7.072864862
84,0,Ica,Atenas,60,12,1,72,1,3,2,17,28,16,"10,62",9.702080425,7.7,7.893050179
85,0,Ica,Atenas,100,12,1,72,0,0,5,23,23,16,"9,36",11.19680515,7.7,6.096605304
86,1,Loreto,Nauta,82,32,2,70,162,204,218,21,19,20,"4,56",4.926166882,76,6.287677385
87,1,Ica,Atenas,61,32,1,70,1,3,0,22,22,15,"10,14",10.07996783,7.2,6.823926973
88,1,Ica,Atenas,69,50,1,75,2,0,4,17,27,19,"10,92",9.326717464,6.8,7.908097101
89,1,Ica,Atenas,29,50,1,75,0,0,3,27,27,27,"10,36",11.16797946,6.8,5.284948539
90,0,Ica,Atenas,7,2,1,75,3,2,5,19,23,21,"11,84",10.64353564,7.9,6.593471409
91,1,Ica,Atenas,74,32,1,70,3,3,5,25,22,28,"11,74",11.55113757,7.4,5.224503972
92,1,Ica,Atenas,63,32,1,70,4,0,2,25,26,24,"10,8",9.727750897,8.1,5.658440195
93,1,Ica,Atenas,90,32,1,70,4,2,0,22,28,28,"11,11",11.26541044,7.6,6.144952311
94,1,Ica,Atenas,29,7,1,70,3,4,3,23,23,16,"11,38",11.72218512,8.2,7.983935228
95,1,Ica,Atenas,79,32,1,70,1,2,2,26,19,17,"9,12",11.38143185,7.4,7.085065901
96,1,Ica,Atenas,64,14,1,64,0,1,1,21,26,22,"11,52",11.88692577,9.7,6.561684834
97,1,Ica,Atenas,74,14,1,64,1,1,0,24,15,26,"9,65",11.85117026,9.7,5.537688879
98,0,Ica,Atenas,34,12,1,72,4,3,5,16,15,19,"9,95",10.63807681,7.5,5.178826867
99,0,Ica,Atenas,23,12,1,72,3,0,2,21,18,24,"11,81",10.69362119,8.2,6.819551575
100,1,Ica,Atenas,48,32,1,70,2,0,3,16,23,23,"10,21",11.35482511,7.4,6.983373499
101,0,Ica,Atenas,14,2,1,75,4,4,3,23,17,16,"10,23",11.66493873,7.4,6.616027625
102,1,Ica,Atenas,98,50,1,75,4,2,0,23,21,16,"11,23",11.31587268,7.3,6.96678802
103,1,Ica,Atenas,25,50,1,75,0,3,3,16,23,28,"10,56",9.936817178,6.8,6.687682442
104,1,Ica,Atenas,60,50,1,75,4,1,2,17,15,18,"10,9",10.72293923,7.1,6.189540413
105,1,Ica,Atenas,18,32,1,70,4,5,1,26,20,20,"9,12",9.224080642,7.9,7.319557471
106,0,Ica,Atenas,42,2,1,75,2,3,5,23,25,17,"9,77",11.14741149,7.4,5.152314676
107,0,Ica,Atenas,13,2,1,75,1,5,3,23,22,19,"11,43",10.3204226,7.6,6.475274363
108,0,Ica,Atenas,54,2,1,75,4,5,0,27,17,27,"9,37",10.72242695,8.2,6.426192249
109,1,Ica,Atenas,29,32,1,70,0,3,4,16,20,22,"9,19",11.65240809,7.6,7.121690863
110,1,Ica,Atenas,65,32,1,70,5,3,4,23,27,20,"10,16",10.9074452,7.2,7.0509387
111,0,Ica,Atenas,27,2,1,75,1,2,4,19,22,25,"11,44",9.605910393,7.2,7.456354671
112,0,Ica,Atenas,46,2,1,75,3,0,3,23,15,26,"10,39",11.04860992,7.6,5.844431365
113,0,Ica,Atenas,75,2,1,75,1,3,0,18,16,26,"10,28",9.165471863,7.6,6.333087769
114,0,Ica,Atenas,56,2,1,75,5,4,1,21,24,22,"9,23",10.13695861,8.4,6.214256367
115,0,Ica,Atenas,30,12,1,72,0,5,5,28,27,18,"9,17",10.29496014,7.5,6.224044618
116,0,Ica,Atenas,16,2,1,75,5,1,0,23,26,24,"9,42",9.175792851,7.2,6.116923773
117,1,Ica,Atenas,71,32,1,70,3,0,0,20,25,16,"11,29",11.76321739,7.9,5.666392167
118,1,Ica,Atenas,33,32,1,70,5,5,0,16,16,24,"11,51",9.221798094,7.4,5.695822913
119,1,Ica,Atenas,45,7,1,70,3,5,5,15,23,19,"10,21",9.545239265,7.4,7.239537902
120,0,Ica,Atenas,67,12,1,72,3,2,4,17,18,18,"9,62",9.911605495,7.5,6.611626924
121,1,Ica,Atenas,19,32,1,70,0,1,3,22,22,24,"10,96",9.357512515,7.4,5.620004348
122,1,Ica,Atenas,2,32,1,70,3,2,2,23,18,23,"9,72",10.56165308,7.2,7.885480375
123,1,Ica,Atenas,25,32,1,70,5,1,3,19,18,28,"9,4",11.71182766,7.2,6.256374834
124,1,Ica,Atenas,68,32,1,70,5,3,5,21,15,23,"11,47",10.67514767,7.9,6.216141137
125,1,Ica,Atenas,52,7,1,70,1,3,5,26,22,26,"10,81",11.96840044,7.1,6.271286158
126,0,Ica,Atenas,96,2,1,75,1,1,2,27,28,23,9,10.59731131,7.4,7.16901924
127,1,Ica,Atenas,19,16,1,80,0,4,2,27,17,16,"11,16",9.573506706,8.2,7.911595775
128,1,Ica,Atenas,0,16,1,80,1,3,2,20,25,15,"11,46",11.40566003,8.2,7.132160391
129,1,Ica,Atenas,48,37,1,70,3,2,2,22,17,16,"9,26",11.43131439,7.6,7.979906885
130,1,Ica,Atenas,64,16,1,80,5,1,2,17,19,22,"11,55",11.29153418,7.2,7.331992233
131,1,Ica,Atenas,90,16,1,80,2,5,1,25,21,24,"11,7",10.47460234,8.4,7.242533004
132,1,Ica,Atenas,8,50,1,75,5,4,1,20,18,16,"11,91",11.70613727,7.1,6.530078737
133,1,Ica,Atenas,13,32,1,70,1,1,5,19,21,23,"11,35",9.619556197,7.6,7.369666437
134,1,Ica,Atenas,42,7,1,70,2,1,3,26,22,15,"10,57",11.40849451,7.1,6.073887713
135,1,Ica,Atenas,50,16,1,80,2,1,3,16,20,19,"10,59",10.84380991,7.6,7.153678504
136,1,Ica,Atenas,20,7,1,70,1,1,0,27,22,28,"11,49",11.93891314,7.9,6.22948791
137,1,Ica,Atenas,100,16,1,80,5,2,1,16,22,28,"9,48",10.79354683,7.2,7.840989721
138,0,Ica,Atenas,51,2,1,75,0,5,4,25,18,28,"10,15",9.565387468,7.2,5.031224352
139,1,Ica,Atenas,55,7,1,70,0,4,0,23,28,15,"9,45",11.56331257,7.1,7.815601609
140,0,Ica,Atenas,22,12,1,72,0,1,3,15,18,27,"11,21",11.30418486,7.5,5.245132757
141,0,Ica,Atenas,53,2,1,75,5,2,3,20,28,16,"11,85",10.82422736,7.4,5.205150177
142,1,Ica,Atenas,56,32,1,70,3,3,4,15,16,21,"10,71",11.9078368,7.6,6.493817039
143,1,Ica,Atenas,42,14,1,64,3,1,1,15,25,28,"11,1",11.34003216,9.3,6.754044119
144,1,Ica,Atenas,40,7,1,70,1,0,0,24,19,21,"9,69",9.678709492,7.9,5.470543294
145,1,Ica,Atenas,22,32,1,70,0,1,4,17,18,25,"9,12",9.265377301,8.1,7.73691662
146,0,Ica,Atenas,89,2,1,75,4,2,1,18,26,26,"11,36",10.13276573,7.2,7.645125998
147,0,Ica,Atenas,18,2,1,75,2,2,0,26,26,28,"9,8",10.06535223,7.6,7.376474105
148,1,Ica,Atenas,86,32,1,70,4,3,0,26,18,16,"9,73",11.27282355,7.6,6.731413689
149,1,Ica,Atenas,98,32,1,70,0,3,4,19,15,19,"11,07",10.91642491,8.1,7.830701452
150,1,Ica,Atenas,47,7,1,70,0,1,1,20,28,22,"11,29",9.973198207,8.2,5.677835123
151,1,Ica,Atenas,89,32,1,70,5,1,5,24,19,22,"11,42",10.78428249,8.1,7.143893195
152,1,Ica,Atenas,6,7,1,70,3,4,5,26,20,17,"11,88",10.78075908,7.1,5.293722136
153,1,Ica,Atenas,12,37,1,70,2,2,2,24,21,25,"11,64",9.161105884,7.6,5.723388793
154,1,Ica,Atenas,98,37,1,70,2,3,3,16,27,26,"9,73",10.63437915,7.2,6.872178745
155,1,Ica,Atenas,8,32,1,70,5,4,2,17,26,28,"10,78",10.50265696,8.1,5.849965557
156,1,Ica,Atenas,68,7,1,70,4,3,1,28,23,16,"11,71",11.69519662,7.9,7.127736498
157,1,Ica,Atenas,83,37,1,70,3,2,3,21,22,21,"11,49",9.632833887,7.4,6.178250868
158,1,Ica,Atenas,78,37,1,70,3,0,1,22,21,15,"9,27",10.61905118,7.2,5.616575097
159,1,Ica,Atenas,37,14,1,64,5,2,2,17,17,28,"9,82",11.73836975,9.3,5.800051121
160,1,Ica,Atenas,35,37,1,70,4,5,2,21,20,17,"11,96",10.24617603,7.6,6.750342457
161,1,Ica,Patras,34,37,1,70,2,4,2,27,28,20,"10,06",10.07274282,7.6,7.599642157
162,1,Ica,Patras,70,37,1,70,5,0,4,24,18,25,"11,07",10.38079035,8.1,6.176363596
163,1,Ica,Patras,96,37,1,70,1,1,3,28,22,26,"11,79",10.73900891,8.1,6.320591143
164,1,Ica,Patras,42,16,1,80,2,5,0,16,26,20,"10,84",10.1490669,8.2,5.589710336
165,0,Ica,Atenas,19,12,1,72,5,3,5,20,22,27,"9,34",9.172977586,7.9,7.362626837
166,1,Ica,Patras,86,37,1,70,0,2,5,27,20,19,12,11.99198776,8,7.270539686
167,1,Ica,Patras,21,37,1,70,4,2,3,26,16,25,"11,66",9.590407721,8.1,6.46889961
168,1,Ica,Patras,100,37,1,70,0,3,0,28,15,18,"10,76",11.13170573,7.4,5.359324376
169,1,Ica,Patras,28,16,1,80,5,2,4,21,19,27,"11,76",10.64312742,7.7,6.026479013
170,1,Ica,Patras,25,16,1,80,0,3,4,27,15,23,"11,05",11.79950538,7.5,5.631274443
171,1,Ica,Patras,38,16,1,80,1,1,1,16,22,15,"9,97",9.841432991,7.2,6.078587764
172,1,Ica,Patras,47,7,1,70,0,2,5,21,26,19,"10,93",10.17232959,7.6,6.229326579
173,1,Ica,Patras,0,16,1,80,2,1,1,23,17,28,"11,94",10.22999181,8.1,6.502283331
174,1,Ica,Patras,67,37,1,70,0,3,4,21,22,27,"10,68",11.31088525,8,6.515691629
175,1,Ica,Patras,46,37,1,70,1,2,1,20,26,15,"11,28",9.827789838,7.2,7.177711721
176,1,Ica,Patras,2,37,1,70,2,4,4,24,23,25,"9,99",10.25938799,8,5.198286775
177,1,Ica,Patras,66,16,1,80,1,0,1,22,24,23,"9,22",9.204928698,8.2,5.513422325
178,1,Ica,Patras,24,16,1,80,4,2,2,16,23,17,"11,11",10.77062621,8.4,6.897116767
179,1,Ica,Patras,8,12,1,75,1,0,1,26,21,25,"9,98",9.688994869,10.3,7.567831817
180,1,Ica,Patras,80,12,1,75,1,0,1,23,23,24,"11,9",10.23575106,10.3,5.781682992
181,1,Ica,Patras,60,16,1,80,5,2,5,21,22,22,"11,02",10.7122359,8.2,5.020511802
182,1,Ica,Patras,54,37,1,70,1,1,3,24,24,28,"11,34",11.20355579,8,6.791953582
183,1,Ica,Patras,50,37,1,70,2,5,3,28,20,20,"9,24",10.59964613,8.1,6.4315977
184,1,Ica,Patras,89,16,1,80,3,2,5,17,16,28,"10,59",11.3124081,7.7,5.820866978
185,1,Ica,Patras,42,16,1,80,3,0,2,27,28,16,"9,52",11.68070637,7.7,5.590852766
186,1,Ica,Patras,31,16,1,80,0,2,5,27,20,28,"10,62",10.73544506,8.2,7.7221263
187,1,Ica,Patras,25,16,1,80,4,0,0,17,23,25,"10,68",10.57134391,7.5,6.096958644
188,1,Ica,Patras,8,16,1,80,3,4,5,28,25,22,"11,14",10.81440332,8.2,7.833074562
189,1,Ica,Patras,87,16,1,80,0,3,0,17,19,16,"9,46",11.9477759,7.7,7.541183229
190,1,Ica,Patras,81,37,1,70,4,3,5,26,17,24,"11,99",11.81963392,7.3,6.62264006
191,1,Ica,Patras,56,37,1,70,3,1,1,16,15,21,"11,03",10.8510194,7.3,7.886163092
192,1,Ica,Patras,71,16,1,80,2,0,1,22,25,19,"9,12",11.69945083,8.4,5.977722756
193,1,Ica,Patras,59,16,1,80,5,5,0,21,25,18,"10,05",10.82878988,7.2,6.848982978
194,1,Ica,Patras,61,16,1,80,2,0,4,22,18,23,"11,11",11.51081913,8.1,6.749983848
195,1,Ica,Patras,42,16,1,80,4,1,3,19,18,20,"9,86",10.82070779,7.4,5.744909699
196,1,Ica,Patras,60,37,1,70,1,3,2,15,22,28,"10,42",11.57122764,8,6.196528813
197,1,Ica,Patras,87,16,1,80,4,3,3,27,19,16,"11,21",9.431296205,8.4,5.759010704
198,1,Ica,Patras,72,36,1,70,5,1,5,23,28,27,"9,33",11.33042898,7.2,5.047490333
199,1,Ica,Patras,25,37,1,70,5,2,4,18,22,22,"11,37",11.04644971,7.5,5.358916523
200,1,Ica,Patras,8,37,1,70,0,1,4,17,15,18,"11,89",10.52470026,7.6,5.971256234
201,1,Ica,Patras,54,8,1,63,4,4,1,25,25,16,"10,61",11.7470294,9.7,7.513489221
202,1,Ica,Patras,36,16,1,80,5,1,4,28,15,19,"9,89",9.767136856,7.7,7.899246942
203,1,Ica,Patras,46,16,1,80,5,1,0,19,23,19,"10,8",11.2346261,7.5,7.105697662
204,1,Ica,Patras,19,37,1,70,4,3,0,26,22,24,"10,74",11.49387665,7.9,5.443982711
205,1,Ica,Patras,62,16,1,80,2,4,5,21,16,17,"10,17",11.73197427,7.4,5.59301753
206,1,Ica,Patras,68,14,0,64,3,1,2,28,27,19,"11,76",10.89033079,9.3,7.111249668
207,1,Ica,Patras,74,8,0,63,2,0,5,27,17,20,"9,17",11.56450451,9.3,7.696140834
208,1,Ica,Patras,70,8,0,63,3,4,0,26,22,28,"9,46",9.431669407,9.2,6.246223849
209,1,Ica,Patras,31,16,0,80,0,2,4,15,26,15,"9,69",10.54697418,8.1,6.628508515
210,1,Ica,Patras,80,37,0,70,2,4,3,22,27,15,"10,55",11.51951876,8,7.689064484
211,1,Ica,Patras,90,16,0,80,4,4,2,19,23,28,"11,08",9.800198498,7.4,5.743385484
212,1,Ica,Patras,16,37,0,70,4,3,0,18,23,19,"9,29",9.05344875,7.4,7.180903751
213,1,Ica,Patras,17,8,0,63,3,4,3,22,15,19,"10,29",11.88668593,9.7,7.652069058
214,1,Ica,Patras,9,16,0,80,3,1,5,24,21,15,"11,75",10.17188091,8.1,7.339345921
215,1,Ica,Patras,22,36,0,70,1,0,4,28,25,20,"10,31",9.196256189,7.2,7.281504283
216,1,Ica,Patras,3,37,0,70,2,3,0,16,15,24,"9,9",9.83128561,7.5,7.748854134
217,1,Ica,Patras,87,8,0,63,4,3,1,20,28,28,"11,44",10.84100249,9.3,6.650810549
218,1,Ica,Patras,55,37,0,70,5,5,5,20,15,23,"10,16",9.452703463,7.4,6.392360678
219,1,Ica,Patras,26,37,0,70,5,4,3,20,21,27,"10,73",9.114869906,7.6,5.467210528
220,1,Ica,Patras,23,14,0,64,2,2,2,16,27,18,"9,42",11.00162521,9.2,7.412596439
221,1,Ica,Patras,78,16,0,80,0,2,3,19,24,22,"10,27",10.29730782,7.6,5.650708924
222,1,Ica,Patras,82,16,0,80,0,5,1,20,26,24,"11,13",11.83868774,8.1,7.900043815
223,1,Ica,Patras,22,37,0,70,0,3,5,16,18,27,"11,14",9.671292118,7.5,6.080697717
224,1,Ica,Patras,1,16,0,80,0,5,3,22,18,15,"9,49",11.46609225,8.1,6.672153116
225,1,Ica,Patras,11,16,0,80,4,3,3,24,17,21,"9,82",10.44738828,7.5,5.254936595
226,1,Ica,Patras,67,8,0,63,3,1,1,28,23,28,"11,61",10.00097149,9.2,7.096921798
227,1,Ica,Patras,71,8,0,63,0,5,2,28,28,19,"10,77",9.576552242,9.3,7.079001307
228,1,Ica,Patras,89,37,0,70,2,3,1,19,27,20,"11,1",10.57593833,7.9,6.182196217
229,1,Ica,Patras,22,12,0,75,0,1,5,17,23,21,"11,4",9.466351959,10.3,6.415718969
230,1,Ica,Patras,26,37,0,70,0,4,3,21,21,24,10,11.54373159,8.4,7.399206063
231,1,Ica,Patras,42,37,0,70,3,0,3,20,23,20,"11,58",9.419256201,7.3,6.678600281
232,1,Ica,Patras,68,37,0,70,0,1,1,20,26,17,"9,68",9.627495388,7.6,7.373888135
233,1,Ica,Patras,17,16,0,80,1,4,2,17,23,22,"10,11",11.55092694,8.1,6.062833438
234,1,Ica,Patras,14,37,0,70,3,4,3,17,25,21,"11,37",10.75605222,7.3,6.693262767
235,1,Ica,Patras,55,37,0,70,2,1,1,22,22,23,"9,81",11.02312857,7.5,5.137121777
236,1,Ica,Patras,71,16,0,80,4,0,3,25,17,26,"11,15",10.28580861,7.4,6.768776512
237,1,Ica,Patras,29,14,0,64,3,2,2,24,23,24,"10,65",11.3009829,9.2,5.89289665
238,1,Ica,Patras,72,37,0,70,3,2,0,26,16,28,"10,67",10.60921463,8,5.082784108
239,1,Ica,Patras,85,37,0,70,4,2,2,23,18,16,"11,14",11.74319441,7.2,6.42734637
240,1,Ica,Patras,47,16,0,80,4,2,0,20,16,28,"9,83",9.539699756,7.6,6.287260225
241,1,Ica,Patras,22,16,0,80,0,2,3,28,24,20,"9,8",11.56346212,7.6,6.184642521
242,1,Ica,Patras,68,16,0,80,0,0,5,27,27,22,"11,72",10.93205299,7.4,7.636789187
243,1,Ica,Patras,90,16,0,80,0,3,3,21,17,22,"9,4",11.46992883,8.2,7.312548097
244,1,Ica,Patras,0,14,0,64,4,5,4,15,21,17,"11,58",10.98425223,9.2,6.329015457
245,1,Ica,Patras,20,16,0,80,1,4,3,18,15,20,"9,59",9.135049881,8.1,6.228043947
246,1,Ica,Patras,93,36,0,70,1,1,2,22,18,24,"9,94",9.171715946,7.2,5.589079485
247,1,Ica,Patras,16,37,0,70,5,5,2,15,24,16,"11,42",11.12315287,8.1,7.72260553
248,1,Ica,Patras,8,16,0,80,2,2,4,18,22,21,"10,25",11.42340234,7.9,5.452227588
249,1,Ica,Patras,40,37,0,70,5,2,2,16,21,25,"11,43",10.25672258,8,5.823895385
250,1,Ica,Patras,49,37,0,70,5,3,5,17,25,16,"11,99",9.110808033,7.9,7.774310448
251,1,Ica,Patras,82,8,0,63,4,2,2,20,21,23,"9,23",11.19948356,9.2,6.606703421
252,1,Ica,Patras,9,16,0,80,5,5,1,23,28,21,"9,57",9.079596644,8.1,7.525790973
253,1,Ica,Patras,74,16,0,80,0,3,3,19,20,19,"11,65",9.994151641,7.4,6.794701843
254,1,Ica,Patras,68,37,0,70,1,5,3,27,19,25,"10,43",9.76881021,7.9,7.337757145
255,1,Ica,Patras,20,37,0,70,1,5,0,25,17,17,"11,83",11.90857478,8.4,5.525963661
256,1,Ica,Patras,25,12,0,75,0,5,4,19,22,26,"11,43",11.89160769,11.4,7.95890085
257,1,Ica,Patras,34,36,0,70,1,0,0,19,18,22,"9,22",9.45967438,7.6,5.102345117
258,1,Ica,Patras,31,36,0,70,2,0,3,28,22,15,"11,51",9.344779542,7.2,7.966408689
259,1,Ica,Patras,81,16,0,80,2,5,5,22,18,20,"10,75",10.30356352,7.9,5.173420129
260,1,Ica,Patras,7,8,0,63,0,1,3,26,18,17,"11,52",11.60146179,9.2,6.38879423
261,1,Ica,Patras,28,11,0,67,5,4,5,27,18,17,"9,57",9.328057306,9.2,6.840586175
262,1,Ica,Patras,92,37,0,70,5,2,5,26,23,22,"10,32",11.40909995,7.6,7.190603733
263,1,Ica,Patras,98,16,0,80,0,1,1,28,21,28,"9,21",10.71528191,7.9,5.524572415
264,1,Ica,Patras,19,36,0,70,2,1,2,26,27,24,"11,28",9.433149527,7.6,5.279954749
265,1,Ica,Patras,57,14,0,64,3,3,4,24,20,27,"10,69",9.289743207,9.2,7.159245339
266,1,Ica,Patras,49,16,0,80,2,3,2,23,22,28,"9,65",9.187439677,7.9,5.5290158
267,1,Ica,Patras,49,37,0,70,5,5,5,17,18,20,"11,92",9.247541738,8.4,6.252322659
268,1,Ica,Patras,19,12,0,75,2,0,0,21,15,19,"9,93",9.797154848,11.4,6.994826311
269,1,Ica,Patras,5,14,0,64,5,5,2,18,27,23,"9,21",9.793934158,9.2,5.194347591
270,1,Ica,Patras,48,16,0,80,5,4,0,25,18,18,"9,96",10.99975574,7.4,5.88937526
271,1,Ica,Patras,87,16,0,80,1,2,1,15,27,17,"10,74",9.378497183,7.4,6.002833934
272,1,Ica,Patras,17,12,0,75,3,1,0,17,17,21,"11,29",11.18695587,11.4,7.206860116
273,1,Ica,Patras,39,8,0,63,5,5,3,26,20,20,"11,27",11.78983727,9.2,5.918922113
274,1,Ica,Patras,2,37,0,70,1,5,1,28,21,28,"10,56",9.042583984,7.6,7.817112606
275,1,Ica,Patras,1,8,0,63,3,1,0,17,21,20,"10,95",11.81782664,9.2,7.082799839
276,1,Ica,Patras,87,37,0,70,2,0,2,21,15,21,"11,67",9.922616568,8,7.136956461
277,1,Ica,Patras,36,37,0,70,5,0,0,15,19,25,"11,51",9.453970626,8.1,5.671994988
278,1,Ica,Patras,2,16,0,80,3,4,2,17,19,24,"10,84",9.731432411,8.4,7.983780447
279,1,Ica,Patras,21,37,0,70,4,0,0,17,25,17,"10,68",11.1438977,8.4,7.861044144
280,1,Ica,Patras,51,37,0,70,0,1,3,27,24,22,"11,04",10.84647313,8.1,7.382553121
281,1,Ica,Patras,69,14,0,64,0,5,3,19,26,17,"10,59",11.32853477,9.2,6.889583671
282,1,Ica,Patras,14,36,0,70,0,1,3,20,25,25,"9,67",10.38974935,8.4,6.066150906
283,1,Ica,Patras,32,36,0,70,0,0,3,22,26,18,"9,52",11.02828523,7.4,6.072778881
284,1,Ica,Patras,38,37,0,70,3,5,3,17,25,19,"9,94",9.768183243,7.6,7.085628569
285,1,Ica,Patras,5,8,0,63,0,4,1,28,26,15,"9,08",10.8847197,9.3,5.423019189
286,1,Ica,Patras,77,12,0,75,2,1,5,20,20,22,"9,9",11.73515869,11.4,6.562784263
287,1,Ica,Patras,13,14,0,64,5,1,4,24,22,26,"9,32",9.59040573,9.2,5.634805688
288,1,Ica,Patras,72,14,0,64,1,0,4,16,16,22,"11,44",11.88125461,9.3,7.79153293
289,1,Ica,Patras,29,36,0,70,0,3,0,18,18,20,"9,13",9.962802473,7.4,7.334625483
290,1,Ica,Patras,34,36,0,70,0,2,0,24,25,28,"10,36",10.55471203,7.4,7.565808653
291,1,Ica,Patras,100,8,0,63,2,2,1,25,18,23,"9,18",9.368889678,9.2,6.833581864
292,1,Ica,Patras,20,36,0,70,0,3,1,16,17,18,"11,12",10.11969723,7.6,7.441837266
293,1,Ica,Patras,58,14,0,64,5,2,0,15,17,27,"9,41",9.011425731,9.3,7.044329922
294,1,Ica,Patras,31,36,0,70,4,2,2,23,16,25,"10,05",11.20375414,7.6,5.507781224
295,1,Ica,Patras,98,14,0,64,0,0,0,28,17,25,"10,97",10.74105761,9.3,6.404782559
296,1,Ica,Patras,3,11,0,67,2,0,3,18,19,27,"11,51",10.87569051,9.2,7.640778855
297,1,Ica,Patras,46,8,0,63,0,1,1,23,15,15,"10,75",10.45989691,9.2,5.460803046
298,1,Ica,Patras,85,14,0,64,3,0,5,25,22,25,"11,26",9.07158818,9.3,6.07150434
299,1,Ica,Patras,14,37,0,70,2,1,0,26,17,19,"11,23",10.01267752,8.4,7.335130923
300,1,Ica,Patras,42,36,0,70,1,2,3,22,15,16,"10,09",9.879628477,7.4,5.592940306
301,1,Ica,Patras,47,37,0,70,3,3,0,18,27,24,"10,85",11.48989369,8.1,5.9182412
302,1,Ica,Patras,64,8,0,63,1,2,2,18,18,24,"11,09",11.14149017,9.3,7.766002327
303,1,Ica,Patras,17,36,0,70,5,0,1,22,22,23,"10,52",9.520058262,8,7.984457311
304,1,Ica,Patras,83,8,0,63,0,4,0,21,22,26,"10,5",11.39056037,9.2,6.745217373
305,1,Ica,Patras,27,11,0,67,3,3,3,28,26,18,"11,18",9.565551981,9.2,6.933082841
306,1,Ica,Patras,74,12,0,29,1,4,2,28,25,21,"9,09",11.61843717,9.1,7.10537037
307,1,Ica,Patras,82,8,0,63,5,1,2,17,25,18,"11,17",11.87080261,9.3,5.70082335
308,1,Ica,Patras,50,11,0,67,3,2,2,26,27,23,"11,86",9.816794662,9.1,7.803238022
309,1,Ica,Patras,83,16,0,41,1,2,0,27,16,17,"9,89",9.239529989,9.3,5.391692443
310,1,Ica,Patras,84,36,0,70,2,2,1,18,19,25,"11,51",9.156975364,7.3,7.074136522
311,1,Ica,Patras,27,11,0,67,2,4,1,23,25,19,"10,9",11.80512874,9.1,5.279817033
312,1,Ica,Patras,25,8,0,63,5,2,5,26,18,27,"9,43",9.354814416,9.3,7.727015436
313,1,Ica,Patras,1,15,0,70,2,2,0,28,26,22,"10,13",10.98315941,9.2,7.133149839
314,1,Ica,Patras,60,16,0,41,5,1,0,28,20,24,"9,39",9.124330181,9.7,5.576358604
315,1,Ica,Patras,62,36,0,70,3,1,0,27,15,24,"11,47",10.20738641,7.6,5.019923826
316,1,Ica,Patras,78,36,0,70,0,5,3,19,27,16,"10,58",11.55069733,7.5,7.325355426
317,1,Ica,Patras,27,36,0,70,5,1,3,25,21,21,"11,19",10.0204729,8,7.337125237
318,1,Ica,Patras,62,36,0,70,0,5,1,20,16,27,"9,54",9.580278142,8.1,7.607381566
319,1,Ica,Patras,28,11,0,67,3,1,1,25,20,27,"9,58",10.12390385,9.3,7.155909107
320,1,Ica,Patras,98,11,0,67,1,3,1,24,20,19,"10,63",10.63941886,9.1,5.769951276
321,1,Ica,Patras,24,16,0,41,1,5,1,16,18,21,"9,85",9.291842276,9.3,7.999930471
322,1,Ica,Patras,35,36,0,70,1,0,1,26,23,15,"10,46",11.56822241,8.4,7.585889654
323,1,Ica,Patras,95,15,0,70,2,2,0,25,25,24,"10,75",9.353075489,8.9,5.58517231
324,1,Ica,Patras,8,12,0,29,5,0,4,28,22,26,"9,24",9.82755582,9.1,7.110877442
325,1,Ica,Patras,3,36,0,70,0,1,1,21,18,22,"10,6",11.8216832,8.1,7.097305256
326,1,Ica,Patras,87,36,0,70,1,0,5,15,24,17,"9,12",10.8788536,7.6,6.076654605
327,1,Ica,Patras,17,36,0,70,2,3,3,21,15,27,"9,91",9.712966267,8.1,7.949025228
328,1,Ica,Patras,55,36,0,70,3,0,3,28,15,20,"10,47",10.35908211,8,7.51918611
329,1,Ica,Patras,37,36,0,70,3,3,2,26,22,15,"9,54",9.135278962,8,5.262858538
330,1,Ica,Patras,53,36,0,70,1,0,5,27,27,25,"9,53",10.80058977,7.9,6.966163152
331,1,Ica,Patras,16,36,0,70,0,3,4,28,21,25,"9,93",11.63369668,7.6,6.298220798
332,1,Ica,Patras,0,11,0,67,0,0,0,16,20,18,"11,05",9.800397029,9.1,5.987561831
333,1,Ica,Patras,58,15,0,70,0,2,4,21,16,24,"9,58",10.56855814,8.9,7.072393079
334,1,Ica,Patras,75,16,0,41,4,3,1,22,24,26,"10,71",9.473621959,9.7,5.409950661
335,1,Ica,Patras,76,12,0,29,5,1,5,20,20,28,"10,85",9.927676037,9.2,6.141640244
336,1,Ica,Patras,70,36,0,70,0,2,4,19,26,20,"10,11",11.49507589,7.9,5.516676656
337,1,Ica,Patras,32,36,0,70,3,3,0,17,28,20,"10,37",9.078419793,8,5.628984629
338,1,Ica,Patras,55,36,0,70,1,2,3,18,21,16,"11,25",11.01744317,7.3,7.074711131
339,0,Ica,Atenas,95,13,0,66,3,0,0,25,19,20,"11,48",9.484813832,9.7,5.540900706
340,1,Ica,Patras,92,36,0,70,3,2,2,25,22,20,"10,13",11.45874264,8.1,5.219033395
341,1,Ica,Patras,72,11,0,67,0,1,0,16,21,27,"10,01",10.76132586,9.2,7.663339444
342,1,Ica,Patras,40,36,0,70,3,0,3,21,22,28,"11,49",10.73146047,7.3,6.247314672
343,0,Ica,Atenas,94,11,0,65,3,2,1,25,16,19,"10,6",11.77795026,9.3,5.909450238
344,1,Ica,Patras,66,12,0,29,3,2,5,20,23,18,"11,39",10.79188706,9.2,5.208436241
345,1,Ica,Patras,59,36,0,70,1,2,0,21,28,16,"11,4",10.39016761,7.5,6.318269728
346,1,Ica,Patras,94,36,0,70,1,4,1,24,18,28,"9,71",11.48454624,8,7.368109787
347,1,Ica,Patras,93,36,0,70,3,4,5,16,27,17,"10,97",10.52886961,7.6,7.766044853
348,1,Ica,Patras,20,11,0,67,2,1,4,21,26,25,"9,81",9.379902899,9.1,7.778582217
349,0,Ica,Patras,16,13,0,66,1,5,0,22,19,26,"9,6",9.261866886,9.3,5.980350126
350,1,Ica,Patras,20,11,0,67,4,2,0,26,22,24,"9,08",11.24802088,9.1,5.205799185
351,1,Ica,Patras,83,15,0,70,2,0,0,18,21,20,"9,69",9.066530132,8.9,6.872904188
352,1,Ica,Patras,89,11,0,67,3,3,2,18,25,24,"9,17",10.73837601,9.2,7.843986157
353,1,Ica,Patras,84,15,0,70,2,1,3,19,15,23,"9,26",10.63546883,8.9,7.568320115
354,1,Ica,Patras,42,12,0,29,5,4,4,27,18,27,"11,16",10.35423406,9.1,5.310628295
355,1,Ica,Patras,80,12,0,29,3,5,5,24,27,15,"9,07",10.58883685,9.2,6.937074341
356,1,Ica,Patras,77,36,0,70,0,4,3,27,16,26,"10,06",10.66997998,8.1,5.756956422
357,0,Ica,Patras,64,11,0,65,0,2,1,16,28,23,"11,91",11.25351225,9.2,6.830113023
358,1,Ica,Patras,79,36,0,70,4,2,2,24,17,28,"9,35",9.855832748,7.9,5.819829657
359,0,Ica,Patras,68,13,0,66,3,2,3,23,28,18,"9,97",11.2882976,9.7,5.501946327
360,0,Ica,Patras,28,11,0,65,2,0,0,19,21,17,"9,31",9.513858772,9.3,6.293641871
361,0,Ica,Patras,77,13,0,66,0,0,1,20,21,24,"11,24",11.89737234,8.6,7.412500383
362,1,Ica,Patras,40,11,0,67,3,4,5,22,20,24,"11,71",11.67775065,9.1,5.068666224
363,1,Ica,Patras,15,36,0,70,1,0,4,17,18,23,"11,45",9.549182864,8,5.774519035
364,1,Ica,Patras,63,36,0,70,3,1,0,28,18,15,"9,24",10.68031583,8.4,6.847776488
365,0,Ica,Patras,71,11,0,65,1,2,4,17,21,26,"10,28",11.35595942,9.2,6.983662327
366,0,Ica,Patras,73,13,0,66,3,0,5,27,22,28,"9,71",10.27271004,9.2,7.783138481
367,1,Ica,Patras,21,36,0,70,0,5,5,22,21,15,"9,97",11.55465963,7.9,6.441464446
368,1,Ica,Patras,67,11,0,67,5,4,1,20,20,17,"11,79",9.656275379,9.2,7.173300663
369,1,Ica,Patras,57,9,0,37,5,4,5,24,16,22,"11,45",11.23149855,9.6,7.534836138
370,0,Ica,Patras,26,11,0,65,5,5,5,27,25,15,"9,92",9.420846634,9.7,5.223584617
371,0,Ica,Patras,69,13,0,66,2,1,2,20,25,26,"9,83",9.199001771,9.2,5.656264279
372,0,Ica,Patras,59,13,0,66,1,1,5,20,28,25,"10,03",9.46373601,9.2,5.545901763
373,1,Ica,Patras,31,11,0,67,2,4,1,18,21,28,"10,04",10.67346475,9.1,5.191725049
374,0,Ica,Patras,90,13,0,66,3,0,2,25,19,28,"10,16",10.66324696,9.3,6.002072618
375,1,Ica,Patras,11,11,0,67,1,1,0,22,20,28,"11,36",11.92222858,9.3,5.384815609
376,1,Ica,Patras,76,11,0,67,0,1,4,24,18,17,"10,05",10.6139968,9.2,6.080497296
377,0,Ica,Patras,28,13,0,66,0,3,2,26,22,25,"9,83",11.1819562,9.2,7.391078098
378,0,Ica,Patras,54,13,0,66,4,4,2,23,24,23,"10,16",10.46667737,9.3,7.576094603
379,1,Ica,Patras,46,36,0,70,5,3,1,20,17,21,"9,33",9.909446145,8,5.550100599
380,1,Ica,Patras,15,11,0,67,0,4,2,22,23,25,"10,43",10.89346906,9.3,5.934139983
381,0,Ica,Patras,75,11,0,65,2,4,1,25,20,28,"11,76",11.65561658,9.3,7.383303975
382,0,Ica,Patras,54,13,0,66,5,2,4,23,25,28,"9,25",11.36009657,9.2,7.571911844
383,1,Ica,Patras,41,36,0,70,2,3,5,17,24,27,"10,93",9.491205326,7.3,6.609011091
384,1,Ica,Patras,33,36,0,70,5,5,3,25,16,15,"9,77",11.87215643,8.1,6.54569558
385,1,Ica,Patras,98,36,0,70,5,0,4,27,16,21,"9,63",9.150602879,7.5,6.168682755
386,1,Ica,Patras,46,9,0,37,0,4,0,25,28,24,"11,73",11.83256498,9.2,5.177799257
387,1,Ica,Patras,54,15,0,70,3,2,3,16,26,20,"10,15",11.7461582,9.2,7.467215159
388,1,Ica,Patras,52,36,0,70,4,0,2,27,26,28,"10,44",11.71097928,8.1,7.318344118
389,1,Ica,Patras,10,36,0,70,0,2,1,23,25,20,"11,6",9.985134317,8.1,6.700975489
390,1,Ica,Patras,73,11,0,67,1,1,5,23,25,18,"9,47",11.83235334,9.3,5.170395615
391,0,Ica,Patras,17,11,0,65,3,3,0,25,22,26,"11,4",10.57346084,9.7,7.75025949
392,0,Ica,Patras,11,13,0,66,1,0,5,27,22,27,"10,69",11.89315982,9.2,5.511169735
393,1,Ica,Patras,46,36,0,70,1,0,2,25,28,20,"9,99",10.05656826,7.5,6.970613697
394,1,Ica,Patras,75,36,0,70,3,0,5,18,28,16,"9,08",10.53715576,8.4,7.459549331
395,0,Ica,Patras,63,11,0,65,5,4,1,21,17,19,"10,99",11.51587916,9.2,6.701717227
396,1,Ica,Patras,63,36,0,70,0,1,2,16,28,19,"11,62",9.927867768,8,6.391905754
397,1,Ica,Patras,0,15,0,70,3,3,3,25,15,21,"10,38",9.893754551,9.2,7.286605781
398,0,Ica,Patras,58,13,0,66,2,0,4,21,21,28,"9,27",10.48550062,9.2,5.8272722
399,1,Ica,Patras,72,12,0,29,3,1,0,21,20,20,"10,42",10.15053025,9.1,6.239043834
400,0,Ica,Patras,77,13,0,66,0,4,3,28,21,18,"9,23",11.83552589,9.2,5.592697268
401,1,Ica,Patras,83,9,0,37,1,1,2,21,18,25,"9,43",10.64328291,9.1,5.019109722
402,0,Ica,Patras,99,11,0,65,4,4,1,17,21,19,"10,94",10.9283458,9.2,6.487643511
403,1,Ica,Patras,64,36,0,70,3,5,3,28,25,27,"9,17",9.951941677,8.4,5.703167299
404,1,Ica,Patras,9,36,0,70,4,5,0,19,24,24,"10,61",11.80912691,7.6,7.028725436
405,0,Ica,Patras,89,11,0,65,3,5,3,27,26,17,"11,2",10.60427321,9.2,7.380559395
406,1,Ica,Patras,68,9,0,37,2,3,3,23,25,18,"10,73",11.67634991,9.2,5.452845642
407,1,Ica,Patras,44,16,0,41,5,3,5,16,25,20,"9,35",10.56477862,9.3,5.405677755
408,0,Ica,Patras,17,13,0,66,5,4,5,25,17,17,"9,63",11.52740172,9.2,7.344918647
409,1,Ica,Patras,64,15,0,70,2,4,2,28,20,28,"9,33",9.617726619,9.2,6.990579145
410,1,Ica,Patras,71,15,0,70,1,4,3,15,16,17,"10,34",9.889299097,9.1,7.031031345
411,0,Ica,Patras,45,13,0,66,4,3,4,28,27,16,"10,99",9.832272883,9.2,5.201139714
412,1,Ica,Patras,49,15,0,70,3,0,1,26,17,19,"9,85",11.19405185,9.1,6.78852282
413,1,Ica,Patras,23,13,0,70,1,5,1,20,24,27,"10,38",9.945088774,9.6,7.145727732
414,1,Ica,Patras,39,15,0,70,1,5,4,27,28,23,"10,66",11.028803,9.3,5.889703896
415,1,Ica,Patras,54,15,0,70,4,2,1,15,25,16,"10,33",11.43794919,9.3,7.995881659
416,1,Ica,Patras,80,15,0,70,3,0,5,15,16,20,"11,43",9.953799834,9.2,6.66287737
417,1,Ica,Patras,27,16,0,41,4,3,2,28,27,24,"9,43",9.128109719,9.3,6.002912465
418,1,Ica,Patras,37,15,0,70,5,5,5,27,19,20,"9,03",9.985546904,9,6.313705105
419,1,Ica,Patras,8,9,0,37,2,0,2,22,18,17,"10,98",10.57803763,9.1,7.499859197
420,1,Ica,Patras,5,15,0,70,1,0,3,17,26,27,"10,02",11.96183698,9,5.326434278
421,1,Ica,Patras,96,16,0,41,1,3,0,27,16,24,"10,93",10.00045976,9.3,7.425609546
422,0,Ica,Patras,58,13,0,66,2,2,1,21,28,20,"9,03",10.93940422,9.2,5.930407626
423,1,Ica,Patras,41,15,0,70,1,5,4,16,17,27,"11,99",11.91340419,9.1,6.919434619
424,1,Ica,Patras,91,15,0,70,5,1,4,24,24,27,"9,69",11.06626734,9.3,5.319322195
425,0,Ica,Patras,78,11,0,65,0,0,5,21,27,23,"11,64",11.3965747,9.2,5.996009884
426,0,Ica,Patras,25,11,0,65,1,5,4,20,17,16,"10,03",11.08373427,9.3,6.378381751
427,1,Ica,Patras,70,15,0,70,2,5,3,15,23,20,"9,76",10.36160095,9,6.96333826
428,0,Ica,Patras,81,11,0,65,4,2,3,16,28,28,"11,43",9.122721259,9.2,7.618598423
429,0,Ica,Patras,73,13,0,66,0,5,0,22,22,20,"10,85",9.078068572,9.2,7.99373144
430,1,Ica,Patras,28,13,0,70,2,2,1,24,23,18,"9,87",10.85713329,9.6,7.235986643
431,0,Ica,Patras,73,11,0,65,0,4,4,23,23,22,"10,16",9.858215511,9.2,6.772751173
432,0,Ica,Patras,54,13,0,66,2,3,1,21,20,28,"9,13",11.22916736,9.3,5.286375622
433,0,Ica,Patras,98,11,0,65,4,5,0,18,23,28,"11,56",10.51448773,9.3,6.166337409
434,1,Ica,Patras,32,9,0,37,2,5,4,21,21,24,"10,43",10.29018167,9.2,7.043852873
435,1,Ica,Patras,100,11,0,67,5,3,3,15,28,15,"11,31",11.64927886,9.6,7.9657801
436,1,Ica,Patras,64,11,0,67,3,5,2,20,28,28,"11,33",9.340997477,9.1,5.61049747
437,1,Ica,Patras,59,13,0,70,4,5,1,20,22,15,"9,01",9.227712323,9.1,5.4901494
438,1,Ica,Patras,78,13,0,70,4,4,1,22,15,28,"9,17",9.802387964,9.2,7.099056079
439,1,Ica,Patras,46,15,0,70,3,4,5,28,15,17,"9,14",9.351196928,9.1,7.80136645
440,1,Ica,Patras,7,9,0,37,2,2,1,22,19,23,"11,06",11.88442197,9.1,5.406798652
441,0,Ica,Patras,10,11,0,65,2,3,2,23,26,22,"9,31",10.40973223,9.2,7.132008301
442,0,Ica,Patras,23,13,0,66,0,4,0,26,20,19,"9,67",11.57716814,9.3,7.005432298
443,1,Ica,Patras,80,16,0,41,4,5,2,23,19,19,"11,49",10.7344753,9.3,7.387097831
444,1,Ica,Patras,82,15,0,70,4,2,0,24,23,18,"9,73",11.03818762,9.3,5.965170984
445,0,Ica,Patras,71,13,0,66,3,3,1,23,22,21,"11,64",9.06974971,9.3,5.14355111
446,0,Ica,Patras,31,11,0,65,0,3,2,17,19,21,"11,28",11.85153271,9.3,7.460128898
447,1,Ica,Patras,48,16,0,41,3,2,0,15,28,18,"9,07",11.65017743,9.3,7.817584574
448,1,Ica,Patras,66,11,0,67,5,1,1,27,19,22,"10,32",10.14768718,9.1,7.251436881
449,1,Ica,Patras,2,11,0,67,3,2,1,25,22,23,"9,21",11.34893186,9.6,6.71391565
450,1,Ica,Patras,89,16,0,41,0,0,0,21,16,24,"11,95",10.84924074,9.2,6.6512456
451,1,Ica,Patras,40,15,0,70,4,5,2,16,19,20,"11,28",10.72214026,9,5.512730613
452,0,Ica,Patras,28,11,0,65,0,2,0,24,17,16,"11,4",10.49562743,9.3,7.757524133
453,1,Ica,Patras,11,16,0,41,5,3,3,27,21,17,"11,3",10.78810642,9.2,6.787150555
454,1,Ica,Patras,13,13,0,70,3,5,1,16,21,16,"10,58",11.01209868,9.2,5.402177373
455,1,Ica,Patras,70,16,0,41,4,4,3,16,19,28,"10,29",10.49167778,9.2,6.96538467
456,1,Ica,Patras,67,9,0,37,0,2,5,23,16,21,"11,06",10.28145376,9.1,5.312021014
457,1,Ica,Patras,72,9,0,37,3,5,5,24,16,27,"9,49",10.03218752,9.1,7.229827758
458,1,Ica,Patras,11,13,0,70,3,5,5,25,19,25,"9,1",10.84428702,9.1,7.336458932
459,1,Ica,Patras,6,9,0,37,3,5,5,26,16,24,"10,04",10.03210694,9.1,5.960625157
460,1,Ica,Patras,73,11,0,67,1,1,2,22,28,22,"10,89",11.28413752,9.3,7.590228248
461,1,Ica,Patras,34,11,0,67,5,5,3,22,22,18,"10,36",10.43150227,9.1,7.937915276
462,1,Ica,Patras,49,9,0,37,3,5,1,27,16,20,"9,29",10.52502204,9.1,5.376336384
463,1,Ica,Patras,16,9,0,37,0,0,1,15,24,25,"9,82",9.043804293,9.1,7.270639097
464,1,Ica,Patras,82,11,0,67,4,0,2,22,20,20,"9,98",9.287541122,9.2,6.141635656
465,1,Ica,Patras,17,9,0,37,0,4,3,16,23,24,"10,41",9.507928484,9.3,5.732307479
466,1,Ica,Patras,13,11,0,67,4,2,2,16,24,23,"11,33",9.614999426,9.1,5.869546669
467,1,Ica,Patras,96,11,0,67,0,4,1,20,18,18,"9,99",10.43991871,9.3,6.48216037
468,1,Ica,Patras,81,16,0,41,3,4,3,19,28,19,"11,11",10.81616317,9.2,5.327566377
469,1,Ica,Patras,15,13,0,70,0,5,5,21,20,23,"11,27",11.20693658,9.2,6.252125166
470,1,Ica,Patras,93,9,0,37,3,3,4,17,24,18,"10,08",9.896591802,9.1,7.188651116
471,1,Ica,Patras,36,11,0,67,2,0,3,27,27,17,"9,77",9.160710038,9.2,6.168123907
472,1,Ica,Patras,33,9,0,37,4,0,2,23,25,19,"10,51",10.55753393,9.3,5.652382234
473,1,Ica,Patras,25,9,0,37,5,5,0,17,21,15,"11,02",9.465999049,9.3,7.386684903
474,1,Ica,Patras,72,9,0,37,0,0,1,17,20,16,"9,44",10.40719503,9.3,6.492115893
475,1,Ica,Patras,15,9,0,37,0,1,2,19,15,20,"9,59",9.330686911,9.1,7.886453763
476,1,Ica,Patras,56,11,0,67,1,0,1,17,24,16,"9,46",9.250699019,9.2,6.192480849
477,1,Ica,Patras,50,11,0,67,1,4,1,27,24,26,"11,8",11.24846145,9.3,5.211759259
478,1,Ica,Patras,2,11,0,67,4,2,3,17,28,22,"9,69",9.50710904,9.1,7.74863016
479,1,Ica,Patras,44,11,0,67,0,4,1,17,25,21,"11,59",11.96072213,9.3,7.365485369
480,1,Ica,Patras,70,11,0,67,0,2,5,15,25,24,"10,17",9.711903894,9.1,7.303118059
481,1,Ica,Patras,81,11,0,67,3,5,3,20,17,22,"11,24",11.29191295,9.1,7.668763433
482,1,Ica,Patras,44,13,0,70,4,4,0,26,20,17,"9,77",10.41483622,9.1,7.346603473
483,1,Ica,Patras,24,13,0,70,1,0,2,18,23,27,10,11.47693564,9.3,7.06320229
484,1,Ica,Patras,70,11,0,67,5,5,4,17,19,21,"9,56",11.68672692,9.1,7.172422409
485,1,Ica,Patras,90,13,0,70,2,5,2,24,21,26,"10,85",9.825981054,9.1,7.638587103
486,1,Ica,Patras,13,13,0,70,3,1,3,26,18,20,"10,76",10.26097534,9.3,5.013403419
487,1,Ica,Patras,73,13,0,70,3,3,0,23,18,24,"9,17",10.92324726,9.3,5.95190888
488,1,Ica,Patras,23,13,0,70,2,3,2,19,26,19,"10,65",10.86830132,9.3,6.533971748
